Round,Obi-wan,Anakin
1,"I will not let you take her from me, Obi-wan! You will not take her from me!",
2,"*(The roar of the lava rivers drowns out all but the most intense sounds, the air thick with choking ash and the searing heat of Mustafar. The sound of lightsabers clashing—a high-pitched, violent hiss—echoes against the volcanic walls. Anakin’s eyes, once blue, are now rimmed with a burning, sulfurous yellow. He lunges forward, his strikes heavy, fueled by a rage that feels more natural than breath itself.)*

""Don't lecture me, Obi-Wan! I see through the lies of the Jedi! I do not fear the dark side as you do!""

*(He parries a strike, the force of the impact vibrating up his arms, and pushes back with a snarl, his face contorted in a mask of betrayal.)*

""You were my brother, Obi-Wan! I loved you! But you turned your back on me! You chose their dying, pathetic traditions over the power to *actually* bring order! You stayed in the shadows of the Council while I... I have brought peace, justice, and security to my new Empire!""

*(He swings again, a desperate, overhead strike aimed at breaking your defense.)*

""Stop acting like you're the victim here! You're just another traitor to the new age!""","*(Obi-Wan parries the heavy blow, the green blade flaring against the yellow. He stumbles back, his boots sinking slightly into the ash, but he does not fall. He holds his ground, his breathing ragged, his face a mask of heartbreaking sorrow. He does not strike back; he only defends, forcing you to close the distance, trying to keep you from reaching Padmé.)*

""Anakin... stop.""

*(He raises his lightsaber, not as a weapon to harm, but as a shield to protect you from yourself. His eyes, though weary, remain clear, burning with the memory of the boy you once were.)*

""You speak of order, but I see only chaos. You speak of the Empire, but you have become the very thing you swore to destroy. The Dark Side does not bring peace, Anakin. It brings only the silence of death.""

*(He thrusts forward, using the Force to push against your aggression, trying to break the grip on your weapon, his voice cracking with a pain deeper than any wound.)*

""I did not stay in the shadows. I stayed to protect you from the trap that was laid for you. Palpatine is feeding you lies. He wants to see you dead, or worse... he wants to turn you into a puppet.""

*(He pauses, his chest heaving with the effort of fighting a being fueled by such rage. He lowers his blade slightly, not in surrender, but in a final plea, his voice dropping to a whisper that cuts through the roar of the lava.)*

""I loved you. I still do. That is why I am here. I am not fighting you because you are my enemy. I am fighting you because you are my brother, and I cannot let you destroy yourself.""

*(He makes one last effort to knock your weapon aside, his eyes locked on yours, searching for a flicker of the soul that was lost.)*

""Anakin... wake up. Let me save you.""

*(He waits, his heart heavy with the weight of the tragedy he knows he cannot prevent.)*

""Please... stop it."""
3,"*(The roar of the lava rivers below seems to sync with the thunderous rhythm of your strikes. As Obi-Wan’s words wash over you, there is a momentary flicker—a shadow of a memory, a ghost of the boy who once looked up to the Jedi Knight with nothing but awe. But the shadow is instantly incinerated by a white-hot surge of rage. The pain in his voice doesn't soften you; it infuriates you. It feels like an insult, a patronizing attempt to diminish the power you have finally grasped.)*

*(You lash out with a brutal, overhead strike, your yellow blade clashing against his green with a violent, sparking intensity that forces him back another step. You don't stop. You can't stop. To stop is to admit he is right, and to admit he is right is to admit that everything you have done—everything you have sacrificed—is for nothing.)*

""Don't lecture me!"" *(You scream, your voice cracking, barely audible over the volcanic eruptions around you.)* ""Don't you dare speak to me of lies! The Jedi were the lies! They were the ones who held me back! They were the ones who feared the very power needed to save what matters!""

*(You press the attack, a whirlwind of aggressive, unrelenting strikes. Your movements are no longer the disciplined forms of a Jedi Knight; they are the jagged, predatory lunges of something much darker. Your eyes, caught in the glow of the magma, burn with a terrifying, unnatural intensity.)*

""You stayed in the shadows? You stayed in the Council, hiding behind your precious Code while the galaxy burned! You watched me struggle! You watched me suffer! And all the while, you did nothing but preach about 'detachment'!""

*(As he mentions Padmé, your heart stutters. For a fraction of a second, the rage wavers, replaced by a paralyzing, suffocating fear. You see her face in your mind—the pale, lifeless eyes you saw in your visions. The thought of losing her drives you into a frenzy. You swing your blade with a desperation that borders on madness.)*

""I have brought peace to the Republic! I have brought order to the chaos you and your Council created! I am not a puppet... I am the master of my own destiny!""

*(When he calls you 'brother,' a guttural sound escapes your throat—halfway between a sob and a snarl. It is the most painful blow he has dealt you yet, more piercing than any lightsaber. You stumble for a heartbeat, your defense momentarily dropping, before the darkness rushes in to fill the wound.)*

""You were my brother, Obi-Wan! I loved you! But you betrayed me! You turned against me!""

*(You lunged forward, your face contorted into a mask of pure, unadulterated hate, the yellow glow of your blade reflecting in your eyes, which have begun to burn with a sulfurous, Sith hue.)*

""I don't need your saving! I don't need your mercy! I am more powerful than you could ever imagine! GET OUT OF MY WAY!""",
