fichier;numero_contrat;date_contrat;agence;ville_agence;conseiller;client;adresse_client;marque;modele;carburant;duree_mois;km_annuel;acompte_eur;mensualite_tvac_eur;assurance;assurance_compagnie;assurance_prime_mensuelle_eur;signature_client;signature_agence;annule;mise_en_page;format;nb_pages;pieges
contrat_01.pdf;ALW-2026-4244;2026-01-12;AutoLease Wallonie;Namur;Nathalie Collard;Marie Lecomte;Rue des Tilleuls 8, 5020 Malonne;Peugeot;308 SW 1.2 PureTech;essence;48;15000;1500.0;389.0;omnium;Mosane Assurances;58.0;True;True;False;A;natif;1;
contrat_02.pdf;MOB-2026-4619;2026-01-27;Mobilis Lease;Mons;Thomas Lambert;Jonathan Pirard;Rue du Moulin 44, 1340 Ottignies;Volkswagen;ID.3 Pro;électrique;60;12500;3000.0;459.0;omnium;Ardenne Protect;71.5;True;True;False;B;natif;1;montants HTVA et TVAC affichés
contrat_03.pdf;LDM-2026-6898;2026-02-03;Leasing Direct Mosan;Dinant;Olivier Jacquet;Claire Henrard;Rue Saint-Pierre 19, 4520 Wanze;Skoda;Octavia Combi 2.0 TDI;diesel;48;25000;2000.0;429.0;mini-omnium;Ardenne Protect;44.0;True;True;False;C;natif;2;2 pages, signatures en page 2 | infos rédigées en prose
contrat_04.pdf;ALW-2026-2742;2026-02-18;AutoLease Wallonie;Liège;Amélie Goffin;Mehdi El Amrani;Avenue Reine Astrid 120, 5000 Namur;Toyota;Yaris Cross Hybrid;hybride;36;10000;0.0;349.0;omnium;Ardenne Protect;52.0;True;True;False;A;scan;1;PDF scanné (pas de texte extractible)
contrat_05.pdf;MOB-2026-7539;2026-03-02;Mobilis Lease;Mons;Nathalie Collard;Laurence Gilson;Rue de la Station 3, 7011 Ghlin;Renault;Clio TCe 90;essence;48;10000;1000.0;279.0;rc;;0.0;False;True;False;B;natif;1;signature client manquante | montants HTVA et TVAC affichés
contrat_06.pdf;ALW-2026-1914;2026-03-16;AutoLease Wallonie;Liège;Kevin Martin;Bruno Delvaux;Rue Grétry 67, 4020 Liège;BMW;X1 sDrive18i;essence;48;15000;4000.0;612.0;omnium;Ardenne Protect;79.0;True;True;False;A;natif;1;mensualité corrigée à la main (imprimé 649,00 barré)
contrat_07.pdf;LDM-2026-3851;2026-03-30;Leasing Direct Mosan;Huy;Olivier Jacquet;Isabelle Mathy;Rue du Pont 2, 5500 Dinant;Kia;EV6 RWD 77 kWh;électrique;60;20000;5000.0;699.0;omnium;Assurances du Condroz;88.0;True;False;False;C;scan;2;PDF scanné | 2 pages | signature agence manquante
contrat_08.pdf;MOB-2026-6575;2026-04-09;Mobilis Lease;Mons;Olivier Jacquet;Francis Wauters;Chaussée de Bruxelles 301, 1300 Wavre;Dacia;Duster TCe 130;essence;36;15000;0.0;319.0;mini-omnium;Mosane Assurances;39.0;True;True;False;B;scan;1;PDF scanné, page inclinée | date écrite en toutes lettres
contrat_09.pdf;ALW-2026-1195;2026-04-21;AutoLease Wallonie;Namur;Kevin Martin;Céline Noël;Rue Haute 15, 6001 Marcinelle;Hyundai;Kona Electric 65 kWh;électrique;48;12000;2500.0;479.0;aucune;;0.0;True;True;False;A;natif;1;aucune assurance souscrite (case cochée « Non souscrite »)
contrat_10.pdf;MOB-2026-9754;2026-05-05;Mobilis Lease;Wavre;Kevin Martin;Patrick Hubert;Rue de Bertaimont 9, 7000 Mons;Audi;A3 Sportback 35 TFSI;essence;48;20000;3500.0;539.0;omnium;Mosane Assurances;67.0;False;True;False;B;natif;1;case client : « Lu et approuvé » + date écrits, mais PAS de signature | montants HTVA et TVAC affichés
contrat_11.pdf;LDM-2026-5155;2026-05-19;Leasing Direct Mosan;Dinant;Kevin Martin;Aurélie Fontaine;Place Verte 6, 4500 Huy;Citroën;ë-C4 54 kWh;électrique;48;15000;1500.0;419.0;omnium;Mosane Assurances;61.0;True;True;True;C;natif;2;tampon ANNULÉ | 2 pages
contrat_12.pdf;ALW-2026-3596;2026-06-02;AutoLease Wallonie;Liège;Kevin Martin;Grégory Simon;Rue Lebeau 22, 5000 Namur;Volvo;XC40 B3;hybride;60;15000;3000.0;589.0;omnium;Ardenne Protect;74.0;False;False;False;A;scan;1;PDF scanné | aucune signature
contrat_13.pdf;MOB-2026-5179;2026-06-15;Mobilis Lease;Mons;Nathalie Collard;Nadine Vanderlinden;Drève Richelle 40, 1410 Waterloo;Mercedes-Benz;GLC 300 e 4MATIC;hybride rechargeable;48;25000;12500.0;1049.0;omnium;Ardenne Protect;132.0;True;True;False;B;natif;1;séparateur de milliers (1.049,00) | montants HTVA et TVAC affichés
contrat_14.pdf;ALW-2026-1093;2026-06-29;AutoLease Wallonie;Charleroi;Sophie Dubois;Sébastien Lejeune;Rue de l'Église 3, 6200 Châtelet;Ford;Puma 1.0 EcoBoost Hybrid;hybride;36;10000;0.0;329.0;mini-omnium;Ardenne Protect;36.0;True;True;False;A;natif;1;le conseiller porte aussi un nom de personne (ne pas le confondre avec le client)
contrat_15.pdf;LDM-2026-5930;2026-07-07;Leasing Direct Mosan;Huy;Kevin Martin;Valérie Poncelet;Rue Neuve 71, 5570 Beauraing;Seat;Leon 1.5 eTSI;hybride;48;15000;2000.0;399.0;rc;;0.0;True;True;False;C;scan;2;PDF scanné de mauvaise qualité (flou) | 2 pages
contrat_16.pdf;MOB-2026-7397;2026-07-21;Mobilis Lease;Mons;Olivier Jacquet;Arnaud Bastin;Rue du Château 12, 7020 Nimy;MG;MG4 Electric Standard;électrique;60;15000;0.0;339.0;omnium;Assurances du Condroz;55.0;True;False;False;B;natif;1;signature agence manquante | montants HTVA et TVAC affichés
contrat_17.pdf;ALW-2026-7995;2026-08-04;AutoLease Wallonie;Liège;Amélie Goffin;Émilie Dufour;Rue Albert Ier 50, 4280 Hannut;Opel;Corsa 1.2 Turbo;essence;48;10000;1000.0;269.0;omnium;Ardenne Protect;48.0;True;True;False;A;natif;1;mensualité corrigée à la main (imprimé 289,00 barré)
contrat_18.pdf;MOB-2026-7465;2026-08-18;Mobilis Lease;Mons;Olivier Jacquet;Luc Materne;Rue de Jodoigne 8, 1370 Jodoigne;Tesla;Model 3 Propulsion;électrique;36;20000;5000.0;629.0;omnium;Mosane Assurances;92.0;True;True;False;B;scan;1;PDF scanné | montants HTVA et TVAC affichés
contrat_19.pdf;LDM-2026-6440;2026-09-01;Leasing Direct Mosan;Huy;Julie Renard;Sarah Mertens;Rue Godelet 4, 4500 Huy;Cupra;Born 58 kWh;électrique;48;15000;2500.0;499.0;mini-omnium;Ardenne Protect;46.0;True;True;False;C;natif;2;2 pages | infos rédigées en prose
contrat_20.pdf;ALW-2026-1403;2026-09-14;AutoLease Wallonie;Namur;Kevin Martin;Damien Leroy;Rue du Faubourg 27, 6000 Charleroi;Fiat;500e 42 kWh;électrique;36;8000;0.0;309.0;rc;;0.0;False;True;True;A;scan;1;PDF scanné | tampon ANNULÉ | signature client manquante
